Unnamed: 0,Exponential,Poisson,Binomial,Uniform,Cos
mean,1.0,5,5.0,0.5,0.5707963267948966
variance,1.0,5,2.5,0.0833333333333333,0.14159265358979312
