lambda,size
0.7,1
0.779309999999639,2
0.8464199999993336,4
0.861709999999264,8
0.8648599999992497,16
0.8654299999992471,32
0.8655699999992464,64
